iso,adm1,umd_tree_cover_loss__year,umd_tree_cover_loss__ha,gfw_gross_emissions_co2e_all_gases__Mg
MEX,Aguascalientes,2001,3.79279461886067861,308.002330264014341
MEX,Baja California Sur,2001,500.44672578250774838,103031.7642141152032183
MEX,Baja California,2001,49.89142093982965699,3008.83067552494926765
MEX,Campeche,2001,22468.67936398305056892,7126321.1811351077502576
MEX,Chiapas,2001,20058.68920787867064185,8600312.5069602121998923
MEX,Chihuahua,2001,187.53898395406683472,23802.87068090311194363
MEX,Coahuila,2001,1209.41700388962498340,135457.5954272916265141
MEX,Colima,2001,882.19308787207946495,272975.488628400586955
MEX,Distrito Federal,2001,27.58715501288085952,12031.123431984397599
MEX,Durango,2001,310.61930878993164984,60556.3080626526947823
MEX,Guanajuato,2001,232.75361146240337728,65448.85479766326866827
MEX,Guerrero,2001,3246.08883567229151986,1229524.17954316672693084
MEX,Hidalgo,2001,2270.64293414075509543,859846.5670962941652434
MEX,Jalisco,2001,1878.21511153986351545,609801.2754069759052917
MEX,M�xico,2001,779.29013552062610741,349451.289557596537476
MEX,Michoac�n,2001,4010.20851790976586467,1705801.5335843642449915
MEX,Morelos,2001,89.03102688829211245,42694.9538647927665557
MEX,Nayarit,2001,564.21788411963848147,171448.6466760437443484
MEX,Nuevo Le�n,2001,2286.82224520924356067,172905.841432910327369
MEX,Oaxaca,2001,14108.00431447448392760,5970982.5184442415781452
MEX,Puebla,2001,1421.63981546415162532,589443.3730429300558245
MEX,Quer�taro,2001,179.38443446604381831,27900.173712737641750
MEX,Quintana Roo,2001,14254.03402144887498373,4684326.1184648691138217
MEX,San Luis Potos�,2001,2226.18725819967206661,770792.7176674571219934
MEX,Sinaloa,2001,3215.27478809435370404,808503.192786793277335
MEX,Sonora,2001,787.14965156749698548,127115.46056534034609394
MEX,Tabasco,2001,2264.95451568443478714,799851.739002861190431
MEX,Tamaulipas,2001,7389.68597049034586841,1275911.8039149033498973
MEX,Tlaxcala,2001,85.13821856406790660,38082.864310949137041
MEX,Veracruz,2001,19625.70374351488428281,6369422.1977781326907115
MEX,Yucat�n,2001,31561.76467117947682480,8536024.93723421004745124
MEX,Zacatecas,2001,127.94173226483182086,10656.3220567003808824
MEX,Aguascalientes,2002,1.50090923947048611,135.745819285189630
MEX,Baja California Sur,2002,8.52387344354926248,1736.810705548750072
MEX,Baja California,2002,613.45317297570945714,41632.3311696385494792
MEX,Campeche,2002,23278.35287998444652589,7488696.2538817745273887
MEX,Chiapas,2002,16837.69746304016796269,7180703.7081866158739586
MEX,Chihuahua,2002,744.50132009674958109,122777.93646521606886106
MEX,Coahuila,2002,1267.70694362919348241,157367.3568771093784687
MEX,Colima,2002,141.68661720177301312,41325.432249738115479
MEX,Distrito Federal,2002,6.55027124696723103,3829.89102641587033
MEX,Durango,2002,755.74687922525206558,186456.6965439223277326
MEX,Guanajuato,2002,45.24039228038085716,10559.559947068309986
MEX,Guerrero,2002,1744.98937451411632504,653329.9241585286885274
MEX,Hidalgo,2002,2132.83902191220439944,813196.8732685231167969
MEX,Jalisco,2002,470.62132289010856983,149925.3549147213482407
MEX,M�xico,2002,119.39428158716031396,57377.5349648902008763
MEX,Michoac�n,2002,1631.25597293501719085,666364.3359094955823439
MEX,Morelos,2002,14.28749178318468034,5680.064124753501219
MEX,Nayarit,2002,589.08727292829546447,173907.087561887286800
MEX,Nuevo Le�n,2002,3473.98873272414511973,286680.206913394102804
MEX,Oaxaca,2002,14737.51104655929663916,5869409.1918679959730033
MEX,Puebla,2002,1536.23082729624202972,593531.377815289679992
MEX,Quer�taro,2002,24.09213598551323786,4601.8197781519787283
MEX,Quintana Roo,2002,29472.94743275118196862,9790411.982914122400744
MEX,San Luis Potos�,2002,1657.14489181784129343,582037.1364093724791298
MEX,Sinaloa,2002,2073.38701782184316479,551686.148013409513593
MEX,Sonora,2002,618.51180357792851800,88056.5987388855590846
MEX,Tabasco,2002,3167.42187189904184639,1090537.0561978025977244
MEX,Tamaulipas,2002,6445.00372914791998593,1073734.8321102147476926
MEX,Tlaxcala,2002,37.01392931725259772,17327.83914641023241
MEX,Veracruz,2002,18999.17066228657628767,6519915.275178794730076
MEX,Yucat�n,2002,26165.77949194056794188,7382812.041832718725562
MEX,Zacatecas,2002,22.48634758604166879,1768.8606116471986623
MEX,Aguascalientes,2003,0.28586177772786459,37.186584260900134
MEX,Baja California Sur,2003,30.81310691603841316,5506.6422865636014838
MEX,Baja California,2003,692.23322457256959930,49448.79339616694741154
MEX,Campeche,2003,39031.48658214744720501,11813668.7837988333252881
MEX,Chiapas,2003,21880.60877210271305132,9354521.411259754669698
MEX,Chihuahua,2003,323.63791528931308921,54720.900277804524258
MEX,Coahuila,2003,766.03681875944118715,89162.9020379791535025
MEX,Colima,2003,140.90709989464408581,43829.455400852690108
MEX,Distrito Federal,2003,16.37780280673177122,9813.74487058366499
MEX,Durango,2003,418.80552592464733901,103214.3882731320506528
MEX,Guanajuato,2003,53.58132730756076144,10515.382855848907165
MEX,Guerrero,2003,1053.70299832753563763,396697.1382777662955616
MEX,Hidalgo,2003,1617.97090556175063723,659013.6559102961671047
MEX,Jalisco,2003,730.89558396390710242,252490.6826341842200104
MEX,M�xico,2003,213.67442867526476724,116899.338937768829810
MEX,Michoac�n,2003,1196.32936126173350737,497701.1564314621870486
MEX,Morelos,2003,155.40940367793719121,78137.753358534232524
MEX,Nayarit,2003,548.23925573193680944,164587.1831968507943075
MEX,Nuevo Le�n,2003,2210.72662319772820685,184686.7060098286734325
MEX,Oaxaca,2003,9694.81515810562048291,4188754.347377372095305
MEX,Puebla,2003,1189.44602365500388570,491673.784104926977537
MEX,Quer�taro,2003,66.34872739443251388,12161.921542425874627
MEX,Quintana Roo,2003,20183.93189935518904944,6653083.654589253668467
MEX,San Luis Potos�,2003,1725.20262915751103139,591726.0719327658264648
MEX,Sinaloa,2003,893.77605955210914010,227206.3507850639411832
MEX,Sonora,2003,301.48655367223512121,36460.7420245704213609
MEX,Tabasco,2003,5299.42454339369709753,1672604.455882502345340
MEX,Tamaulipas,2003,2738.85012065096358614,467750.7750792158630462
MEX,Tlaxcala,2003,42.88871313276040048,22677.356592536675634
MEX,Veracruz,2003,14005.25460057334945792,4915163.7899732479113217
MEX,Yucat�n,2003,25250.54788792708030388,6387524.302494475691612
MEX,Zacatecas,2003,85.60069601466470734,6724.912484662870976
MEX,Aguascalientes,2004,0.64405563592230897,77.548402349074241
MEX,Baja California Sur,2004,98.47067016291557335,20189.3755298444438856
MEX,Baja California,2004,1367.06857061763330010,118755.90508013896828827
MEX,Campeche,2004,27521.63893592960305651,9109151.2830562293438255
MEX,Chiapas,2004,25282.54345945702194010,10710225.8936552947528365
MEX,Chihuahua,2004,988.46510594718544301,152364.0303089501237355
MEX,Coahuila,2004,402.21842450531679842,39855.6850035106950125
MEX,Colima,2004,138.79052984415906015,43224.852870125226309
MEX,Distrito Federal,2004,18.99809203282769829,9293.279493309142173
MEX,Durango,2004,414.09458380506189875,92960.607501726315681
MEX,Guanajuato,2004,70.77082729154730078,13318.460975783522893
MEX,Guerrero,2004,3235.27859131788986318,1258995.9995015056551845
MEX,Hidalgo,2004,3125.35679843355976226,1317829.3929715927413466
MEX,Jalisco,2004,1066.52662869445454795,363341.4354885628535103
MEX,M�xico,2004,281.06707854447049933,144414.253520952197969
MEX,Michoac�n,2004,2248.20142079432451882,1014773.299103276305056
MEX,Morelos,2004,25.51214944677951410,10796.080541971717041
MEX,Nayarit,2004,584.91397081407010469,174416.1685771326448830
MEX,Nuevo Le�n,2004,3450.39020573696191272,360611.3554566762787640
MEX,Oaxaca,2004,11602.56947706014697507,5073805.805334683532380
MEX,Puebla,2004,2274.05039341425985288,955916.2830566973224377
MEX,Quer�taro,2004,90.55055337672633222,21436.019687014249518
MEX,Quintana Roo,2004,16657.87103073884659114,5706730.5637226178959978
MEX,San Luis Potos�,2004,2917.65671544016569954,1013607.9185794801761011
MEX,Sinaloa,2004,1619.68143016704808477,419658.2024356529705011
MEX,Sonora,2004,571.05454994077269131,85542.0505846367817898
MEX,Tabasco,2004,4461.35216553331823578,1616884.872696376788633
MEX,Tamaulipas,2004,6586.16286540640189804,1148488.2410048463146139
MEX,Tlaxcala,2004,51.53020817049371321,27453.27980119580581
MEX,Veracruz,2004,18608.20390309776982671,6374826.920168052176338
MEX,Yucat�n,2004,34056.81246337734736283,9367451.1950440403281641
MEX,Zacatecas,2004,23.00446897064127672,2279.8100794600908934
MEX,Aguascalientes,2005,2.64647250866427887,340.5756698946669707
MEX,Baja California Sur,2005,7.26040950565755241,1463.643903006950500
MEX,Baja California,2005,928.91935729634789034,63548.6191308977671183
MEX,Campeche,2005,34745.68350195247897835,11279758.515995081866811
MEX,Chiapas,2005,23705.65275811503675891,10722648.0117727573757650
MEX,Chihuahua,2005,693.22908650523972539,126190.933437119862133
MEX,Coahuila,2005,321.27289997020398552,33245.564392323242105
MEX,Colima,2005,192.58304523616650583,64348.187200034878640
MEX,Distrito Federal,2005,6.98618985052625890,3609.902067079830023
MEX,Durango,2005,1213.08376657280542514,314800.1899542938162545
MEX,Guanajuato,2005,53.96981774526475585,11231.284591664865241
MEX,Guerrero,2005,2395.12046112596583026,928675.1356708305030845
MEX,Hidalgo,2005,2196.79706138287096720,886667.2617988042035585
MEX,Jalisco,2005,2716.86982238063865790,974957.930777810507392
MEX,M�xico,2005,292.09307755592883399,148536.2738519240825864
MEX,Michoac�n,2005,2166.87877713315967587,887434.073510874138655
MEX,Morelos,2005,32.50479265510742658,14623.383788502458768
MEX,Nayarit,2005,1365.53692597105694703,426220.625266167729726
MEX,Nuevo Le�n,2005,2750.89682634298853003,285043.5556159398203565
MEX,Oaxaca,2005,19946.77708856652057421,8802605.8471803368723276
MEX,Puebla,2005,1563.31313787494785999,659004.417732999714191
MEX,Quer�taro,2005,154.44621646055116356,29769.7490984302113035
MEX,Quintana Roo,2005,22917.87295673868408755,7920156.0249448781204910
MEX,San Luis Potos�,2005,3148.43426382499526217,1036915.3580231181260515
MEX,Sinaloa,2005,6202.94895553022581677,1758712.222363825542979
MEX,Sonora,2005,841.77385256500731362,172615.9386278043829093
MEX,Tabasco,2005,8907.73545123894913950,3091386.8355587346342666
MEX,Tamaulipas,2005,7413.41014140728148796,1246647.9309466031299850
MEX,Tlaxcala,2005,42.15430602860894165,22778.543878920109597
MEX,Veracruz,2005,35351.24500510753505560,12484917.0698288206939156
MEX,Yucat�n,2005,24554.26588742489365251,7004982.767405871722287
MEX,Zacatecas,2005,23.35383723538411649,2763.024091682321560
MEX,Aguascalientes,2006,0.28605037533745661,29.270178039252863
MEX,Baja California Sur,2006,20.36554934194227734,4006.632677306593945
MEX,Baja California,2006,1522.69619989854427348,114082.9890554079871786
MEX,Campeche,2006,24634.41622700134598380,8575463.8676804520806094
MEX,Chiapas,2006,20154.40021220788486937,8998644.462037097816619
MEX,Chihuahua,2006,1010.93942021721401156,132827.260799124713564
MEX,Coahuila,2006,838.61167186578973219,83735.072853393497042
MEX,Colima,2006,174.89784455601240234,58373.797454820258647
MEX,Distrito Federal,2006,1.60054800040907122,608.897093902455622
MEX,Durango,2006,660.43862121624332690,132469.964091939302808
MEX,Guanajuato,2006,29.85852436856554036,6859.9199888213320475
MEX,Guerrero,2006,3047.32491704127446855,1182259.711605296681988
MEX,Hidalgo,2006,3375.48012736803065503,1361380.002846819160791
MEX,Jalisco,2006,940.53890746770279676,330948.9983759322033682
MEX,M�xico,2006,293.72613214229397355,152279.590467752541456
MEX,Michoac�n,2006,3386.55190090136128387,1506986.4205023536124186
MEX,Morelos,2006,19.68391490632921100,7062.195321317281185
MEX,Nayarit,2006,860.96466845039837238,268027.049730959930283
MEX,Nuevo Le�n,2006,3104.67926034918841014,323364.224426391710070
MEX,Oaxaca,2006,13148.92966515643061558,5812774.0979270188464855
MEX,Puebla,2006,2637.38897626299589493,1120277.812211822296318
MEX,Quer�taro,2006,92.30953929763123788,21639.951803999191828
MEX,Quintana Roo,2006,38391.14241481418838049,14005046.5343670752247286
MEX,San Luis Potos�,2006,4624.08131711493574503,1597077.641300355672062
MEX,Sinaloa,2006,1639.14383768463500458,421456.378267192672238
MEX,Sonora,2006,289.72431468910472201,43646.2827894349434645
MEX,Tabasco,2006,2722.12942744855385080,999790.9471592408388165
MEX,Tamaulipas,2006,9237.52953697258115898,1578568.4319662512085103
MEX,Tlaxcala,2006,70.32791813063696414,33286.928370227045002
MEX,Veracruz,2006,21681.88768512518613961,7392462.927891326092830
MEX,Yucat�n,2006,20423.28098282082288872,6380954.9052443225119484
MEX,Zacatecas,2006,8.32962266794270828,820.643148431274845
MEX,Aguascalientes,2007,1.86098913987304685,255.856171066011605
MEX,Baja California Sur,2007,3.31463399557942724,745.502029136218826
MEX,Baja California,2007,1174.44548126154696672,85857.3217875325255193
MEX,Campeche,2007,37704.43396804572737804,13226031.853316504352795
MEX,Chiapas,2007,32408.71524735093663431,14791781.131876242636077
MEX,Chihuahua,2007,529.81570523277451694,80726.6000261860150686
MEX,Coahuila,2007,376.28586656746639947,54127.053056002829830
MEX,Colima,2007,426.99773202715183631,144345.509974385087233
MEX,Distrito Federal,2007,4.51284606584309922,2902.789368763081416
MEX,Durango,2007,1136.28312284746134360,247089.790742797317266
MEX,Guanajuato,2007,66.64204627307073867,18492.053069171654955
MEX,Guerrero,2007,7777.35026257244039841,3013282.7167929289256155
MEX,Hidalgo,2007,3611.16924824085068173,1566714.787275159580500
MEX,Jalisco,2007,1443.35677748678818511,502018.048534439634523
MEX,M�xico,2007,223.48826003797963992,100209.909101162037164
MEX,Michoac�n,2007,4739.39062515391750136,2190281.7055451027827513
MEX,Morelos,2007,26.39788704378363804,9925.293472221087558
MEX,Nayarit,2007,940.37925407640365409,295958.088439617230826
MEX,Nuevo Le�n,2007,3913.71889253253363428,403677.8210288488759198
MEX,Oaxaca,2007,21739.91919045607465785,9931877.939194632820438
MEX,Puebla,2007,2590.83082144048506317,1078140.092221167838543
MEX,Quer�taro,2007,154.38383308586364917,34965.033947613177233
MEX,Quintana Roo,2007,19921.47073295147739426,7203980.725670111409383
MEX,San Luis Potos�,2007,2832.32061926508096999,1083713.4719978218269513
MEX,Sinaloa,2007,3966.11233379334776692,1071311.3811919766593694
MEX,Sonora,2007,451.12326535133581966,84664.3108773716209423
MEX,Tabasco,2007,9069.06793820861038613,3356082.550145816794271
MEX,Tamaulipas,2007,6284.73313942756595505,1098855.1073328438636657
MEX,Tlaxcala,2007,35.7075969896332522,18602.09372559766144
MEX,Veracruz,2007,28866.96733263206448066,11127633.788451489270081
MEX,Yucat�n,2007,26148.76808351692959779,7676008.202055514898055
MEX,Zacatecas,2007,30.79051417842014092,4514.162852712064548
MEX,Aguascalientes,2008,0.78633762222439233,132.037798206717440
MEX,Baja California Sur,2008,8.29269911032009611,1534.457290130893977
MEX,Baja California,2008,1166.39525243279007113,99619.3935870669329626
MEX,Campeche,2008,31837.45239886364188850,11315997.1951076524334214
MEX,Chiapas,2008,28535.78967462202862942,13393262.079918986504546
MEX,Chihuahua,2008,901.07468111111034694,122989.8721540247481630
MEX,Coahuila,2008,940.86737146387927772,96087.964441811233274
MEX,Colima,2008,157.52712087902017653,51153.922149128413880
MEX,Distrito Federal,2008,6.84230045057291656,4329.447108397331277
MEX,Durango,2008,1513.37468021801001125,358058.911389695670453
MEX,Guanajuato,2008,32.40906551020073846,7665.729242511090927
MEX,Guerrero,2008,4744.43894217427526307,1898544.181323198439086
MEX,Hidalgo,2008,2343.44441620058914150,1022204.0638667942297592
MEX,Jalisco,2008,1157.63605856599190536,407920.239792145321684
MEX,M�xico,2008,286.07773831001102358,138357.395358474164324
MEX,Michoac�n,2008,3225.56846663652624513,1394175.544189668941115
MEX,Morelos,2008,18.65903410325195432,8774.834288001794156
MEX,Nayarit,2008,785.30545432107429746,240322.313394451759942
MEX,Nuevo Le�n,2008,4700.11953205203650654,618865.837471174050516
MEX,Oaxaca,2008,16810.60063049656137969,7744226.751893948308430
MEX,Puebla,2008,1427.95249212788685977,633524.874376544254170
MEX,Quer�taro,2008,189.98075776853528911,45481.655084294487019
MEX,Quintana Roo,2008,28859.52903209431355907,10568742.872149358996919
MEX,San Luis Potos�,2008,3898.57996605065073560,1352643.760511403015944
MEX,Sinaloa,2008,1666.55098755944819466,426917.911131108253941
MEX,Sonora,2008,303.55566835051219123,44428.1686856266689991
MEX,Tabasco,2008,4464.77116856395399430,1732454.473864377929215
MEX,Tamaulipas,2008,8004.95278333518638134,1492769.1930758763802023
MEX,Tlaxcala,2008,53.99384851143338302,32369.194757795626576
MEX,Veracruz,2008,19235.66430957226979958,7178500.651753044103745
MEX,Yucat�n,2008,17070.66653600917774490,5471522.518107620185236
MEX,Zacatecas,2008,28.38815921553710939,3511.8381798695485416
MEX,Aguascalientes,2009,1.43063308185763909,188.968752905424267
MEX,Baja California Sur,2009,7.01991554383246583,1617.861607200616914
MEX,Baja California,2009,4213.58709916589099696,322926.9217095673015007
MEX,Campeche,2009,54984.89835249535916042,20338045.156709519083430
MEX,Chiapas,2009,32145.54794108782386618,15855914.000921389703989
MEX,Chihuahua,2009,682.32890124635983809,91815.448595454548509
MEX,Coahuila,2009,518.49587836244947918,60059.9844032453412087
MEX,Colima,2009,198.07492082486005489,69332.611636897542568
MEX,Distrito Federal,2009,8.87908361486002668,4955.143368768799564
MEX,Durango,2009,721.99104315551192911,160524.5020650858231385
MEX,Guanajuato,2009,69.48076083314670771,23876.674593424119303
MEX,Guerrero,2009,5461.08490697923654051,2200422.012942914146849
MEX,Hidalgo,2009,2950.07245310610056786,1299930.310174101832992
MEX,Jalisco,2009,1401.68565740202703114,513146.182267285289219
MEX,M�xico,2009,359.55786466024758352,183082.712406255649346
MEX,Michoac�n,2009,2577.64995486390597468,1175821.255681669642965
MEX,Morelos,2009,36.52475009268229171,15843.827688478879074
MEX,Nayarit,2009,634.48480646410269139,199475.8921889615145254
MEX,Nuevo Le�n,2009,3805.82505862191090429,467119.511489556628929
MEX,Oaxaca,2009,17129.32694278049168729,7916930.522088320512208
MEX,Puebla,2009,3047.87088040373562230,1339540.3454028706717645
MEX,Quer�taro,2009,194.40910211707373849,45638.874237919692400
MEX,Quintana Roo,2009,45635.20814871860649388,17207245.186802131576298
MEX,San Luis Potos�,2009,3511.52719680165150713,1338937.662645728688639
MEX,Sinaloa,2009,3448.32957038648995524,848066.828181779791806
MEX,Sonora,2009,427.47177826785147481,62267.9332215757984979
MEX,Tabasco,2009,6289.01107569106902806,2433018.5738059802272492
MEX,Tamaulipas,2009,13530.86936287588423072,2491538.927059789277515
MEX,Tlaxcala,2009,161.16852258012272352,72046.497212141393668
MEX,Veracruz,2009,22650.86007236219858230,8618259.637004786852329
MEX,Yucat�n,2009,54399.85257261213601914,17260884.445350945325094
MEX,Zacatecas,2009,27.92407583889540425,2929.505965691346137
MEX,Aguascalientes,2010,1.00210531447157123,136.848850990506914
MEX,Baja California Sur,2010,14.69697317236219703,3108.329510153840428
MEX,Baja California,2010,405.29418690981714040,32296.0540350166305166
MEX,Campeche,2010,20660.63062216637839043,7841445.996537023649274
MEX,Chiapas,2010,27962.51410987987913539,13564387.671533466691633
MEX,Chihuahua,2010,686.51589416051771239,118626.8436532230408525
MEX,Coahuila,2010,1077.56332157259522349,152425.869360732962918
MEX,Colima,2010,197.46846782816944864,69604.664243281740947
MEX,Distrito Federal,2010,4.36563947498589472,2050.721281232950815
MEX,Durango,2010,857.08133481834301701,208360.992757624647885
MEX,Guanajuato,2010,53.23135641224175044,18356.262758690889311
MEX,Guerrero,2010,3879.53208397942397799,1594119.774703686621863
MEX,Hidalgo,2010,4362.23805911455797063,2041722.334940374225213
MEX,Jalisco,2010,2792.58548728447399663,1115107.763082425274312
MEX,M�xico,2010,336.28862092690442220,158512.967048777663796
MEX,Michoac�n,2010,2678.31835241258886838,1236573.5806431078705975
MEX,Morelos,2010,27.33541925956488875,11864.785578808628793
MEX,Nayarit,2010,821.96840280391385311,263494.534902193936281
MEX,Nuevo Le�n,2010,4506.64094901163107963,627484.4731231184400710
MEX,Oaxaca,2010,16040.47906460103885911,7095068.507873646340015
MEX,Puebla,2010,3657.91494757317592741,1671392.080814696669423
MEX,Quer�taro,2010,235.70888793119784718,63404.6253167951643763
MEX,Quintana Roo,2010,17983.19943532538842418,6844282.101286712389568
MEX,San Luis Potos�,2010,3960.82397259004391187,1733084.7485399347299287
MEX,Sinaloa,2010,4272.06369528233104660,1183769.938834684159761
MEX,Sonora,2010,1259.61485107385890884,263080.522450426005105
MEX,Tabasco,2010,3070.44515720031264814,1309497.703266137875793
MEX,Tamaulipas,2010,8722.80578917773689567,1794474.800546432025419
MEX,Tlaxcala,2010,67.71883374382057251,41001.288027223089522
MEX,Veracruz,2010,16722.36460511949916211,6511139.166745539049796
MEX,Yucat�n,2010,19395.37633168707806215,6887312.500481265297467
MEX,Zacatecas,2010,15.12652592258680665,2181.398444212832304
MEX,Aguascalientes,2011,0.35698937687717018,57.390192039209464
MEX,Baja California Sur,2011,61.60882268422959913,14546.023228867041574
MEX,Baja California,2011,63.62422007786785966,5376.1354670362074169
MEX,Campeche,2011,16299.16414073715806284,6298605.719005865585230
MEX,Chiapas,2011,24997.56388354789984493,11831465.815771763238243
MEX,Chihuahua,2011,1871.58156114886772649,252219.504706428770782
MEX,Coahuila,2011,3039.71626300251193940,290633.5906751657217217
MEX,Colima,2011,191.83935380236441001,71250.262284497067313
MEX,Distrito Federal,2011,6.76724273460069439,3265.384528945009064
MEX,Durango,2011,2011.92352291525394531,487776.2101280461698087
MEX,Guanajuato,2011,66.82167979792100381,27841.350490882370687
MEX,Guerrero,2011,4393.77021351656653394,1842896.791621749999212
MEX,Hidalgo,2011,4241.66388645390482688,1883634.646373072339941
MEX,Jalisco,2011,1035.13266360759671065,402590.790327972017186
MEX,M�xico,2011,269.90520119369574258,137598.357747184498133
MEX,Michoac�n,2011,3256.05541299340580084,1583271.349785067685518
MEX,Morelos,2011,44.38788240067383287,20351.347456968929576
MEX,Nayarit,2011,479.33824303327378283,161159.522087563194860
MEX,Nuevo Le�n,2011,4362.83993419099158014,500770.059336247955563
MEX,Oaxaca,2011,17326.68879090457754409,8415870.291741201000480
MEX,Puebla,2011,2287.81440098173507978,1006385.665233573316513
MEX,Quer�taro,2011,274.57425118722327528,60347.142238258585492
MEX,Quintana Roo,2011,38810.94893649207227564,15141192.6274184717742035
MEX,San Luis Potos�,2011,7719.00541456137661858,3009151.919534789396525
MEX,Sinaloa,2011,1264.87676521405284797,382109.307331034642774
MEX,Sonora,2011,233.21398855780279974,32718.9873918434958933
MEX,Tabasco,2011,3997.99578084361998411,1770106.727140858314414
MEX,Tamaulipas,2011,8888.38047401614412482,1843688.4873154190229025
MEX,Tlaxcala,2011,67.27854717194869870,37085.24901861829418
MEX,Veracruz,2011,25854.78277231798289083,10439148.541004607908660
MEX,Yucat�n,2011,13331.43679906657201162,4766715.273826599521940
MEX,Zacatecas,2011,20.24158118277994778,2435.033333923819850
MEX,Aguascalientes,2012,0.92986084537868925,147.813780788363654
MEX,Baja California Sur,2012,50.50816264395400334,10486.104946468199172
MEX,Baja California,2012,107.94689335322590465,8078.9943299622206050
MEX,Campeche,2012,33094.47234671972788438,12727266.526620358106489
MEX,Chiapas,2012,26726.17117323003557623,13371944.399299007366071
MEX,Chihuahua,2012,4303.13598957210148737,681994.578374310205479
MEX,Coahuila,2012,1042.74373007272902153,155595.0232363985157935
MEX,Colima,2012,263.28379013319459049,95321.23577984981358
MEX,Distrito Federal,2012,5.38530534111436648,2816.575258842490836
MEX,Durango,2012,1878.38803417312521546,426669.025398288061360
MEX,Guanajuato,2012,147.86617417678717772,63288.705041955670871
MEX,Guerrero,2012,8172.16356735531588567,3380580.450980394452558
MEX,Hidalgo,2012,5434.12230076678319683,2624214.146075250797518
MEX,Jalisco,2012,1828.62580550271249826,715139.5000037229981805
MEX,M�xico,2012,403.99028100681208751,180152.907947125566244
MEX,Michoac�n,2012,3653.56896829342143405,1639287.5636180314754267
MEX,Morelos,2012,42.14275421814995793,16956.937621510590484
MEX,Nayarit,2012,1382.71894371232012478,472692.4236670914545165
MEX,Nuevo Le�n,2012,2524.61234578954781096,373941.096163988159100
MEX,Oaxaca,2012,13649.00719532419260773,6396436.118326310667029
MEX,Puebla,2012,2138.50771302247336057,999333.8288927710920665
MEX,Quer�taro,2012,406.49627834971695701,116290.529030645000179
MEX,Quintana Roo,2012,17127.87268961807841821,6800916.867748455760270
MEX,San Luis Potos�,2012,3501.29890307338255041,1430427.2934819974153309
MEX,Sinaloa,2012,2415.28713546437028953,721689.1702422213701110
MEX,Sonora,2012,866.82503063225380961,148660.9140146368538841
MEX,Tabasco,2012,4885.47925332578903408,2092964.282058901582617
MEX,Tamaulipas,2012,7978.49318173962285909,1864350.0769357947895080
MEX,Tlaxcala,2012,95.07324106320207335,54730.759775682598046
MEX,Veracruz,2012,15061.12223479593324906,6092970.658238691662863
MEX,Yucat�n,2012,15526.15634072427764839,5482243.476723191483364
MEX,Zacatecas,2012,38.66812938996853373,4615.894261777578599
MEX,Aguascalientes,2013,1.07230322161566853,150.221407511004632
MEX,Baja California Sur,2013,2.39973420649631077,815.858804476335045
MEX,Baja California,2013,130.25000893199766882,9448.2408521766122691
MEX,Campeche,2013,42752.08832725856903640,16713198.550046555120120
MEX,Chiapas,2013,35114.05998906804177093,17167619.991968229203904
MEX,Chihuahua,2013,2011.07900732411967558,299912.5544269006369725
MEX,Coahuila,2013,251.58804794152665607,25985.1658879928839157
MEX,Colima,2013,284.97453776693571435,113573.335134945170113
MEX,Distrito Federal,2013,5.53018526808593686,3127.884691309715269
MEX,Durango,2013,3051.12894477295754012,638050.726830855150919
MEX,Guanajuato,2013,217.42271082164298416,60458.0279651221128783
MEX,Guerrero,2013,9152.66602791602580612,3694593.032732221440392
MEX,Hidalgo,2013,3112.41680647871909583,1285894.417165091541844
MEX,Jalisco,2013,3705.28245943585280732,1477792.266328811635073
MEX,M�xico,2013,584.58458181170574761,252958.048135032834229
MEX,Michoac�n,2013,6837.85632261894045242,3056931.917817491213458
MEX,Morelos,2013,30.41282273611979224,11615.963898327847318
MEX,Nayarit,2013,2252.23461247133187942,844267.1751485695124775
MEX,Nuevo Le�n,2013,1280.55844083469501402,203228.1641760426582366
MEX,Oaxaca,2013,15536.77328499276681798,7483531.393657086488789
MEX,Puebla,2013,3173.86568397392477662,1432809.069022643754712
MEX,Quer�taro,2013,125.46425127730794404,27637.3421177343544463
MEX,Quintana Roo,2013,27738.61303050246689776,11188635.963002533901531
MEX,San Luis Potos�,2013,5036.15236205909279071,1781860.3243329060853850
MEX,Sinaloa,2013,2962.62226042605337888,866576.0389778495870738
MEX,Sonora,2013,613.29955058800397810,98267.8789011811343841
MEX,Tabasco,2013,6961.61230586453116660,3145988.173931048444287
MEX,Tamaulipas,2013,6750.25303784415600456,1744718.4276136654762259
MEX,Tlaxcala,2013,46.19658156185004117,24549.825017014121948
MEX,Veracruz,2013,20811.23918389727134408,8621216.0098211871367645
MEX,Yucat�n,2013,18405.42094614517564534,6783791.7301543179258280
MEX,Zacatecas,2013,108.70825331214194901,13021.1886797448499535
MEX,Baja California Sur,2014,3.67692290393446187,876.416417986857992
MEX,Baja California,2014,228.79411286797972383,15599.0633727669044665
MEX,Campeche,2014,27117.40251036293223547,10713513.102473544403921
MEX,Chiapas,2014,33086.37136164676505267,16013241.259421498631550
MEX,Chihuahua,2014,792.02980536689436248,132557.580308711758344
MEX,Coahuila,2014,134.18581697984269445,19120.875625933572001
MEX,Colima,2014,209.05504419694116255,85023.618816333155946
MEX,Distrito Federal,2014,2.91053013158094647,1081.306401436690932
MEX,Durango,2014,1201.87796227829520899,259633.937648030327713
MEX,Guanajuato,2014,48.47416310121527366,18607.594494106493568
MEX,Guerrero,2014,7533.04204048836455714,3157468.371112377538405
MEX,Hidalgo,2014,2669.74217139487459473,1201777.622096566963882
MEX,Jalisco,2014,2238.92486531545990514,917630.719647358097253
MEX,M�xico,2014,397.30488212684468499,173247.425720689559413
MEX,Michoac�n,2014,4629.58997736825467159,2147694.820549898214830
MEX,Morelos,2014,50.00131432989258855,21854.656149109041620
MEX,Nayarit,2014,1645.36733490414943432,630155.380718083583845
MEX,Nuevo Le�n,2014,1380.84609668817226078,222948.353754054361536
MEX,Oaxaca,2014,15892.43723504630528750,7497908.543606079829717
MEX,Puebla,2014,2834.55472987516453805,1340930.6367366193396755
MEX,Quer�taro,2014,65.46423575296007159,17353.3804623247964934
MEX,Quintana Roo,2014,16253.92438961192951390,6704728.335736009048912
MEX,San Luis Potos�,2014,2171.75830217392302413,885084.2685849551977136
MEX,Sinaloa,2014,1717.37384017766959665,521306.3882371378793575
MEX,Sonora,2014,262.55680387156441451,47628.2291421183888472
MEX,Tabasco,2014,7414.53510644185027811,3462080.4545501159484585
MEX,Tamaulipas,2014,3737.50648314663819516,1008486.3274322124133609
MEX,Tlaxcala,2014,21.92801657130967967,13313.682085850357605
MEX,Veracruz,2014,17995.79350053790284419,7665343.056917313208663
MEX,Yucat�n,2014,18972.62128939729688749,7149281.1903377261616146
MEX,Zacatecas,2014,39.72293583901367746,6030.776596158927293
MEX,Baja California,2015,235.39254738650946710,14694.041582200304251
MEX,Campeche,2015,41312.40129031873965386,16704379.378642953381330
MEX,Chiapas,2015,32091.30204882616144754,15749332.2328217249824665
MEX,Chihuahua,2015,216.17061655632919055,34519.012168855254020
MEX,Coahuila,2015,58.09347341198677338,10415.4424539532341095
MEX,Colima,2015,253.20770688539388927,104086.195160808870033
MEX,Distrito Federal,2015,0.65465163527560763,288.65455658934895
MEX,Durango,2015,742.54786702928057146,162351.860793519393154
MEX,Guanajuato,2015,18.58329129181640372,10617.676792944815058
MEX,Guerrero,2015,7756.39581549520002011,3266156.620101852568541
MEX,Hidalgo,2015,1791.50857000006364146,830660.359092301244983
MEX,Jalisco,2015,2225.91902552447156596,960614.592637056118497
MEX,M�xico,2015,219.53309263499562941,131260.531496117539046
MEX,Michoac�n,2015,5135.89431760155001534,2380100.011343600798219
MEX,Morelos,2015,17.42069700671224239,7894.25695411299908
MEX,Nayarit,2015,1411.26441167889361665,559944.243004063733765
MEX,Nuevo Le�n,2015,979.92660586173834622,167033.419439578562113
MEX,Oaxaca,2015,13858.68656472193159713,6670922.2686098809681546
MEX,Puebla,2015,3026.59353117013997060,1426095.607984188107932
MEX,Quer�taro,2015,29.67323247011935687,7465.268519471604911
MEX,Quintana Roo,2015,37303.26813338589407917,15641999.004163812351403
MEX,San Luis Potos�,2015,2099.85619229491109624,839442.7751593825365046
MEX,Sinaloa,2015,966.37803315982332656,295270.4152563536711047
MEX,Sonora,2015,41.16708092432944425,6391.431831849847167
MEX,Tabasco,2015,7272.57628039622235073,3510453.341604563605381
MEX,Tamaulipas,2015,2193.73602739237793333,590047.9082350963903111
MEX,Tlaxcala,2015,21.76569651778103489,15621.62485048094138
MEX,Veracruz,2015,16834.19111059801080384,7380319.193627092803448
MEX,Yucat�n,2015,19535.98339920763322689,7582498.3270326875507736
MEX,Zacatecas,2015,0.78944447914062504,200.277469955593834
MEX,Baja California,2016,31.56830822786241753,2450.0606768611644035
MEX,Campeche,2016,56423.86824446973288150,23155284.809324441215977
MEX,Chiapas,2016,68235.51498191437442211,34248828.059874463068580
MEX,Chihuahua,2016,1179.57327265962792596,199564.339536557210022
MEX,Coahuila,2016,71.46024912344941790,11215.909019065583393
MEX,Colima,2016,405.78867818178504980,167402.014002532813507
MEX,Distrito Federal,2016,5.31208555860677125,2444.041036066427988
MEX,Durango,2016,1121.72532108828048275,260146.912952757479186
MEX,Guanajuato,2016,33.22354605845921006,15927.872133898138163
MEX,Guerrero,2016,10348.46286227264258735,4363529.266836604850888
MEX,Hidalgo,2016,3114.20973983788773471,1424647.079451751470068
MEX,Jalisco,2016,3746.24207184009755129,1603195.734804188469910
MEX,M�xico,2016,443.81427823160251900,230034.698952831405812
MEX,Michoac�n,2016,7390.55243248008716881,3623626.902326074939380
MEX,Morelos,2016,27.55677443461479731,12132.9398752162813115
MEX,Nayarit,2016,1563.07341997947050052,612962.328967855961891
MEX,Nuevo Le�n,2016,1615.35698651485811790,285561.802791919188439
MEX,Oaxaca,2016,26191.39227601202664789,13062517.081492912329221
MEX,Puebla,2016,4943.85071595066439642,2428239.627756118011973
MEX,Quer�taro,2016,170.67796593999472990,47481.320369566184385
MEX,Quintana Roo,2016,18124.09013201107632897,7761577.8174241815128565
MEX,San Luis Potos�,2016,3418.51458544902646914,1302227.675500141088012
MEX,Sinaloa,2016,1491.74104482071181548,476395.1177600735787985
MEX,Sonora,2016,90.91837017375869741,13404.293200206017635
MEX,Tabasco,2016,10895.91250531893108446,5317614.224327291199151
MEX,Tamaulipas,2016,4826.98007085022424813,1325853.0607210657581705
MEX,Tlaxcala,2016,15.32010784070095250,10328.53851301116816
MEX,Veracruz,2016,23843.76046492267836186,10680774.982362533074401
MEX,Yucat�n,2016,24411.62064666678125700,9561884.804904906551256
MEX,Zacatecas,2016,0.49992069124023443,95.519880898786235
MEX,Aguascalientes,2017,0.071586446,8.312003855
MEX,Baja California,2017,320.47479716478561037,24586.6698030124581854
MEX,Campeche,2017,70695.70360988034711595,29912813.625253042388466
MEX,Chiapas,2017,50759.16431370058007355,25717768.459551117943029
MEX,Chihuahua,2017,1989.98694813461940640,347038.5003883428547417
MEX,Coahuila,2017,42.50777559676540874,6772.766085873587125
MEX,Colima,2017,452.72090376575170750,195708.039151670595475
MEX,Distrito Federal,2017,1.96468935764431439,1189.618002515444263
MEX,Durango,2017,1396.99803418820310949,318467.359188695275427
MEX,Guanajuato,2017,36.30951639441514524,19797.628999045684191
MEX,Guerrero,2017,8180.65841455872519302,3526432.646356493211433
MEX,Hidalgo,2017,3491.35067256230357070,1663843.334316525173779
MEX,Jalisco,2017,4202.92983180415424204,1870371.730912922752106
MEX,M�xico,2017,622.79916636975383396,320118.630753079381085
MEX,Michoac�n,2017,5925.52377998301588776,2948668.151223344701739
MEX,Morelos,2017,51.59691364760633496,23855.681197241677813
MEX,Nayarit,2017,1906.89968185759054782,778095.527291587210425
MEX,Nuevo Le�n,2017,1621.37864115563181755,294903.8197771773185156
MEX,Oaxaca,2017,30964.28934975704359154,15877028.893839926674194
MEX,Puebla,2017,4054.94111972710453587,1996156.182964315404743
MEX,Quer�taro,2017,104.08266942757922868,32120.775832211894786
MEX,Quintana Roo,2017,35511.37034974581761154,15560817.551894439535889
MEX,San Luis Potos�,2017,4856.51526391889130161,2012795.765398807303942
MEX,Sinaloa,2017,837.90028541255655385,265156.212629228697266
MEX,Sonora,2017,681.08912105288038008,101340.396377736651037
MEX,Tabasco,2017,13946.27844801878549029,7031129.896017001175727
MEX,Tamaulipas,2017,5822.83079463653652501,1577459.903106995850562
MEX,Tlaxcala,2017,50.29594372161135535,29260.766853351924205
MEX,Veracruz,2017,25015.58061104372987993,11489150.361192681575228
MEX,Yucat�n,2017,25242.25240519433704382,10220668.3932948839699045
MEX,Zacatecas,2017,1.0724212394357642,205.15751781511946
MEX,Baja California,2018,1035.13294223386549413,103685.286820455667223
MEX,Campeche,2018,40340.44388829944280690,17062701.9114019224225376
MEX,Chiapas,2018,54197.19476579779540913,27285770.113139069589778
MEX,Chihuahua,2018,4741.33376957202722378,863019.4773554371446645
MEX,Coahuila,2018,531.17243224534814818,60952.593082714286166
MEX,Colima,2018,456.51598756032033186,200418.383129576464308
MEX,Distrito Federal,2018,23.50101852351887772,11184.44617295241489
MEX,Durango,2018,2211.00645997850398831,537512.285386954967642
MEX,Guanajuato,2018,75.36240432079212326,45555.801344993889886
MEX,Guerrero,2018,11928.27620320556135734,5134020.063563049103872
MEX,Hidalgo,2018,3359.65038879335429822,1632572.123371301893305
MEX,Jalisco,2018,7928.20320967813265687,3490598.160646415214709
MEX,M�xico,2018,983.87583251413194941,506383.081859129193679
MEX,Michoac�n,2018,10061.88908806310296321,5044898.7758895635866405
MEX,Morelos,2018,105.15967059744901847,49516.254166038572460
MEX,Nayarit,2018,2761.76360718669698717,1163299.458943335038681
MEX,Nuevo Le�n,2018,1730.63724358693122141,326009.6928243332907305
MEX,Oaxaca,2018,31352.40196821970007076,15990303.693772631695181
MEX,Puebla,2018,4551.49579137812208191,2321535.901470272794839
MEX,Quer�taro,2018,124.55543091392684995,40280.040195386831265
MEX,Quintana Roo,2018,15149.76792716590217231,6686058.313015853337138
MEX,San Luis Potos�,2018,4390.19224159294509794,1825605.716360271240042
MEX,Sinaloa,2018,1836.76086255595148165,616824.995226108799556
MEX,Sonora,2018,1803.93138401191566876,280191.9477687819963065
MEX,Tabasco,2018,10838.71706789516694374,5406262.138408837099887
MEX,Tamaulipas,2018,7038.26466108347240854,2127438.3190622823246196
MEX,Tlaxcala,2018,133.53027241530393004,89429.716439011362367
MEX,Veracruz,2018,28369.57383359024460345,13476281.659180726518930
MEX,Yucat�n,2018,19082.13737567701658848,7886071.523478538339962
MEX,Zacatecas,2018,8.2733458286773013,1423.55769537609149
MEX,Baja California,2019,158.11744438168733346,10540.8838706860588483
MEX,Campeche,2019,53344.94129527049740407,23220703.676728148123127
MEX,Chiapas,2019,70322.30443893556197572,36918479.757413433662289
MEX,Chihuahua,2019,509.72656108505196375,78248.652499866415919
MEX,Coahuila,2019,250.16308281855038302,43432.687029328327369
MEX,Colima,2019,367.27696263963872289,163326.566581745061386
MEX,Distrito Federal,2019,12.73134070685981219,6405.360962668792865
MEX,Durango,2019,1415.29417393336753232,347774.279118663324824
MEX,Guanajuato,2019,47.10174433110138905,29869.544865549848143
MEX,Guerrero,2019,7284.79664439505074285,3137798.619793369608281
MEX,Hidalgo,2019,3985.92915364996340439,1967748.792330299220235
MEX,Jalisco,2019,6108.15108959191150578,2793261.231236721724651
MEX,M�xico,2019,490.63527901968964678,255993.419092915431239
MEX,Michoac�n,2019,6503.22853730115642791,3197995.375419191631064
MEX,Morelos,2019,31.84598500776910235,15408.932436990153488
MEX,Nayarit,2019,2001.91342711202142502,821808.922856508707517
MEX,Nuevo Le�n,2019,1327.49357944171002385,271970.281429720821093
MEX,Oaxaca,2019,33348.84091100417021921,17796352.117235350295102
MEX,Puebla,2019,4637.55246240025067776,2336944.124006078085443
MEX,Quer�taro,2019,142.36026489050128230,44995.634104476793377
MEX,Quintana Roo,2019,35096.44102093950011543,15929944.520861212162303
MEX,San Luis Potos�,2019,8122.45190251328651605,2948331.947743597977433
MEX,Sinaloa,2019,965.75580593680568901,331984.013228003344055
MEX,Sonora,2019,86.62064785420898801,14450.5398295607184443
MEX,Tabasco,2019,22580.74335007018856820,11385351.624369457270025
MEX,Tamaulipas,2019,5486.25452453268343715,1729385.491770954899021
MEX,Tlaxcala,2019,146.19280210144648283,68190.805549950229365
MEX,Veracruz,2019,35740.90627923333258990,17470564.6543033208448517
MEX,Yucat�n,2019,26912.63542878100026016,11476330.3662398579041296
MEX,Zacatecas,2019,9.3771887068782539,1015.851793715523387
MEX,Aguascalientes,2020,0.07160785,26.636422157436193
MEX,Baja California Sur,2020,0.2121839954123264,67.110072995376385
MEX,Baja California,2020,226.18051500117193691,18785.3974294198854323
MEX,Campeche,2020,80949.90057524766911031,34546050.735226696648101
MEX,Chiapas,2020,47455.86807264374977908,24922884.806513302760885
MEX,Chihuahua,2020,352.90089958761383508,65438.664503701043660
MEX,Coahuila,2020,64.84895349551539856,11559.02071500432063
MEX,Colima,2020,410.51475321846744895,188173.945451574731595
MEX,Distrito Federal,2020,2.98348221928385409,1660.20405503823627
MEX,Durango,2020,1058.12999117501857529,268198.355194963708169
MEX,Guanajuato,2020,95.10645768305661005,41051.338763718592456
MEX,Guerrero,2020,6180.59528761292964562,2862963.976665410274207
MEX,Hidalgo,2020,5776.95486112133690371,2928888.667634589281862
MEX,Jalisco,2020,4107.90054720196584850,1873575.277433202198485
MEX,M�xico,2020,404.53674837231752736,194306.122612831398626
MEX,Michoac�n,2020,4638.36439299153826401,2303453.846077685313442
MEX,Morelos,2020,15.23032425179253659,7378.708781776638438
MEX,Nayarit,2020,1722.10142350173478380,714480.221608198720429
MEX,Nuevo Le�n,2020,1322.04057445082541087,270625.088649811432899
MEX,Oaxaca,2020,20610.39779122403111624,10755543.021974195832766
MEX,Puebla,2020,5852.10453437193846647,3006761.105809586636863
MEX,Quer�taro,2020,97.08879555584199484,33077.874994833571951
MEX,Quintana Roo,2020,55353.70120484810970937,25369709.301456126794752
MEX,San Luis Potos�,2020,4757.17443929466620865,2210149.902247623289305
MEX,Sinaloa,2020,1010.36472014759751223,387117.408608125563837
MEX,Sonora,2020,109.51333369674264151,19084.117659291826803
MEX,Tabasco,2020,8500.41288804948333862,4488253.291001760495843
MEX,Tamaulipas,2020,4600.50570259789212430,1571952.1703597105348684
MEX,Tlaxcala,2020,325.66222095609410093,143735.843597959918869
MEX,Veracruz,2020,21106.57829907573739896,10306860.279114331684438
MEX,Yucat�n,2020,22412.91210427143013847,9721258.226417187786435
MEX,Zacatecas,2020,5.43190525346028568,788.137719264837043
MEX,Baja California,2021,345.68502728194712199,26151.8793633859933244
MEX,Campeche,2021,31785.38727530776947425,14932124.406272922809836
MEX,Chiapas,2021,28054.13755324806088172,14946829.621167615057551
MEX,Chihuahua,2021,3391.31629255691461630,634125.120894841793582
MEX,Coahuila,2021,4279.61020126807806876,636408.906372093341161
MEX,Colima,2021,304.54236186851010876,151197.227640952177873
MEX,Distrito Federal,2021,5.23899294931640595,3129.77699427900219
MEX,Durango,2021,2036.83467011497800585,486170.250381520715518
MEX,Guanajuato,2021,456.18696438282874718,216913.228484563768841
MEX,Guerrero,2021,5407.74510197184448754,2561704.894732765749097
MEX,Hidalgo,2021,3431.67729920839913315,1752423.164483588345905
MEX,Jalisco,2021,4308.52224283554831728,1979673.865072763623008
MEX,M�xico,2021,594.52912440880978885,321053.441433763350187
MEX,Michoac�n,2021,6888.42999020106549932,3598693.919034416469789
MEX,Morelos,2021,18.65631929635199709,9031.04570588442196
MEX,Nayarit,2021,1589.58384804942324044,684810.707461668938722
MEX,Nuevo Le�n,2021,6622.32679978808148241,1402997.240287195403492
MEX,Oaxaca,2021,19753.35635750533759032,10540699.804614472936970
MEX,Puebla,2021,5521.89112601977375231,2965186.157513915219643
MEX,Quer�taro,2021,245.23428907280141216,75616.273902596296733
MEX,Quintana Roo,2021,13390.73746646489206329,6395824.315833119747362
MEX,San Luis Potos�,2021,4898.99098554603559203,1732269.9528797330612855
MEX,Sinaloa,2021,816.52991910588419666,330310.902896060855265
MEX,Sonora,2021,318.94105751805784320,60667.9981510451714955
MEX,Tabasco,2021,5483.73362498648778022,3764698.197569724036698
MEX,Tamaulipas,2021,8000.46154090096294812,2208064.906287860717312
MEX,Tlaxcala,2021,635.41791280100680878,360451.403018631487425
MEX,Veracruz,2021,18376.10846009917408769,9808232.852938239909410
MEX,Yucat�n,2021,12031.34718574562790199,5407702.282225015785883
MEX,Zacatecas,2021,86.25915485231890628,16782.614975424126467
MEX,Aguascalientes,2022,1.8612159353320314,179.57381588771116
MEX,Baja California Sur,2022,0.848551786,213.888395502095119
MEX,Baja California,2022,247.94968741611124439,18507.1579408187809274
MEX,Campeche,2022,31046.16139468278045588,14370810.096502750621271
MEX,Chiapas,2022,27955.43017621340925870,14977308.371646731246514
MEX,Chihuahua,2022,3173.97834946918682992,528215.636737682853051
MEX,Coahuila,2022,2039.44884806113465132,265976.944052261433885
MEX,Colima,2022,263.66670426501736033,137049.8454120579996064
MEX,Distrito Federal,2022,49.11640099782558539,35062.86365283577054
MEX,Durango,2022,2094.93850815075548637,485882.896255219225781
MEX,Guanajuato,2022,89.63744971906140077,42626.726094467337995
MEX,Guerrero,2022,4728.52912641828549078,2139444.423250220284886
MEX,Hidalgo,2022,2430.50359137007557832,1296813.186716120405162
MEX,Jalisco,2022,4667.70605932439322326,2143308.051465914199928
MEX,M�xico,2022,772.16170218727541600,453765.174711373526153
MEX,Michoac�n,2022,5633.42563080427717161,2942330.529280057405532
MEX,Morelos,2022,45.68382522974501705,21859.233332879954352
MEX,Nayarit,2022,5380.69657620515848253,9955035.398193715244830
MEX,Nuevo Le�n,2022,3096.23287579090838993,721940.9607104282373385
MEX,Oaxaca,2022,21789.45114644585000758,11854910.802702818845637
MEX,Puebla,2022,3348.58393586934446982,1868045.568459411528194
MEX,Quer�taro,2022,71.18959686813370441,22233.801969240502047
MEX,Quintana Roo,2022,17319.98348275381425440,8109781.364242105745056
MEX,San Luis Potos�,2022,2770.79256203469499892,1269031.355853407902728
MEX,Sinaloa,2022,773.82124854195208781,300351.8777003171184805
MEX,Sonora,2022,250.96208816947318443,26728.4903132985582835
MEX,Tabasco,2022,3557.87659445354209162,2531646.393078721161454
MEX,Tamaulipas,2022,7933.66169369924340129,2251238.155657183293170
MEX,Tlaxcala,2022,273.02298340921335069,182665.727649777181413
MEX,Veracruz,2022,15433.85827767580616257,8443416.661747575879386
MEX,Yucat�n,2022,11551.86319157865581104,5306472.972933606179586
MEX,Zacatecas,2022,64.83597384731993701,5243.202706853044775
MEX,Baja California Sur,2023,0.28303288003472225,87.039913951604300
MEX,Baja California,2023,54.02018881702797069,5143.043809539509740
MEX,Campeche,2023,64715.93767477747237623,29267544.085724350124523
MEX,Chiapas,2023,35404.94699814633936015,19352920.331734985291644
MEX,Chihuahua,2023,1197.44714730959973882,231827.781480879445696
MEX,Coahuila,2023,702.74509901209470066,112933.914908848276744
MEX,Colima,2023,360.98328407403651559,185900.851314735309294
MEX,Distrito Federal,2023,110.06106399193519238,65794.17869199917645
MEX,Durango,2023,2182.28094463623713249,525951.536310541959341
MEX,Guanajuato,2023,127.65925569127395011,71739.510435859772858
MEX,Guerrero,2023,7894.31519926739167403,3825804.158692231677644
MEX,Hidalgo,2023,2520.39390404135025012,1330202.573275512779366
MEX,Jalisco,2023,8151.58258156873811351,3853139.474076206525589
MEX,M�xico,2023,1029.91661750063530247,514280.312194248448196
MEX,Michoac�n,2023,5290.99501979631047388,2762356.183766368099492
MEX,Morelos,2023,48.99039108270399415,24918.700827865824988
MEX,Nayarit,2023,2570.97671254098831472,1162116.649542456955611
MEX,Nuevo Le�n,2023,2846.26981336964334941,773760.430179212352039
MEX,Oaxaca,2023,16684.27385138489118854,8781148.775189921900536
MEX,Puebla,2023,3317.08411706812173616,1840914.561317440670826
MEX,Quer�taro,2023,79.77355658801649814,27664.468867405969277
MEX,Quintana Roo,2023,18135.42259327757541613,8612084.108587434870689
MEX,San Luis Potos�,2023,1920.99975677045370893,916164.199510659587149
MEX,Sinaloa,2023,2484.51013232559637976,923642.489767977885490
MEX,Sonora,2023,1545.42370172085087433,332410.876038105276440
MEX,Tabasco,2023,7490.24419736965146268,4770529.421569865477471
MEX,Tamaulipas,2023,6375.65135169049320147,2280334.7670737724463377
MEX,Tlaxcala,2023,185.85818978259336722,93228.403401436152539
MEX,Veracruz,2023,16256.00546902166928309,8944664.757923005525021
MEX,Yucat�n,2023,16054.77214377992205164,7562215.347581082651464
MEX,Zacatecas,2023,611.22376423546904707,122640.223700942141776